created_at,date,home,away,xg_home,xg_away,p_home,p_draw,p_away,likely_score,p_likely_score
2026-10-08T17:15:53,2026-10-09,Malaga,Espanol,1.2648949444463915,1.2167367990992508,0.3743095067764417,0.27440571974459443,0.3512847734789638,1-1,0.13031577109973932
2026-10-08T17:15:53,2026-10-10,Vallecano,Ath Bilbao,1.1155771257321458,1.0537866550314197,0.3671352250588502,0.29701355333398166,0.3358512216071683,1-1,0.13602363315652793
2026-10-08T17:15:53,2026-10-10,Alaves,Ath Madrid,1.023305995371346,1.5081748921539588,0.2553596345049168,0.261750514253114,0.48288985124196926,1-1,0.12432374294031438
2026-10-08T17:15:53,2026-10-10,Barcelona,Getafe,2.332139694425381,0.5462070792636768,0.7750772023541104,0.15599299721459378,0.06892980043129583,2-0,0.15291267930870153
2026-10-08T17:15:53,2026-10-10,Real Madrid,Villarreal,2.452082581409863,1.1555187811152274,0.6572117228727855,0.18088694868893898,0.1619013284382756,2-1,0.09420597250786275
2026-10-08T17:15:53,2026-10-11,Elche,Celta,1.3054077164178473,1.3644488659763236,0.35488748043509577,0.2628837068570034,0.3822288127079011,1-1,0.12494083117634512
2026-10-08T17:15:53,2026-10-11,Sociedad,La Coruna,1.7679360240308655,1.0158267301487935,0.5487949219261175,0.23661607524653358,0.21458900282734888,1-1,0.11241371594001817
2026-10-08T17:15:53,2026-10-11,Betis,Osasuna,1.787957504290721,0.9111779188587136,0.5791224597767854,0.23323158225386595,0.1876459579693483,1-0,0.11886706298937354
2026-10-08T17:15:53,2026-10-11,Santander,Valencia,1.654197556865709,1.516901565545922,0.41063721868922526,0.23758324236220735,0.3517795389485674,1-1,0.1066251307186527
2026-10-08T17:15:53,2026-10-12,Levante,Sevilla,1.4559139038468463,1.2303244301602092,0.42191942531010956,0.2601431003463724,0.31793747434351793,1-1,0.12360665222415719
